Ownat PRIME Grain Free mini lamb pienso perros pequeños cordero y arros- 1 Kg.,7.95 €,https://www.petsonic.com/20508-large_default/pienso-para-perros-ownat-grain-free-prime-mini-cordero-para-perro.jpg
Ownat PRIME Grain Free mini lamb pienso perros pequeños cordero y arros- 3 Kg.,20.96 €,https://www.petsonic.com/20508-large_default/pienso-para-perros-ownat-grain-free-prime-mini-cordero-para-perro.jpg
Ownat PRIME Grain Free junior lamb pienso cachorros cordero y arroz- 3 Kg.,21.51 €,https://www.petsonic.com/19983-large_default/pienso-para-perros-ownat-grain-free-prime-prime-junior-cordero-grain-free.jpg
Ownat PRIME Grain Free junior lamb pienso cachorros cordero y arroz- 14 Kg,70.95 €,https://www.petsonic.com/19983-large_default/pienso-para-perros-ownat-grain-free-prime-prime-junior-cordero-grain-free.jpg
Ownat PRIME Grain Free senior chicken &amp; Turkey pienso perros mayores pollo y pavo sin cereales- 3 Kg.,20.96 €,https://www.petsonic.com/16987-large_default/pienso-para-perros-maxima-grain-free-senior-todas-razas.jpg
Ownat PRIME Grain Free senior chicken &amp; Turkey pienso perros mayores pollo y pavo sin cereales- 14 Kg,65.95 €,https://www.petsonic.com/16987-large_default/pienso-para-perros-maxima-grain-free-senior-todas-razas.jpg
Ownat PRIME Grain Free adult chicken &amp; Turkey pienso perros pollo y pavo sin cereales- 3 Kg.,19.95 €,https://www.petsonic.com/17706-large_default/pienso-para-perros-maxima-grain-free-adulto.jpg
Ownat PRIME Grain Free adult chicken &amp; Turkey pienso perros pollo y pavo sin cereales- 14 Kg,64.50 €,https://www.petsonic.com/17706-large_default/pienso-para-perros-maxima-grain-free-adulto.jpg
Ownat PRIME Grain Free mini chicken &amp; Turkey pienso perros pequeños pollo y pavo sin cereales- 1 Kg.,7.50 €,https://www.petsonic.com/17728-large_default/pienso-para-perros-maxima-grain-free-adulto-razas-pequenas.jpg
Ownat PRIME Grain Free mini chicken &amp; Turkey pienso perros pequeños pollo y pavo sin cereales- 3 Kg.,19.95 €,https://www.petsonic.com/17728-large_default/pienso-para-perros-maxima-grain-free-adulto-razas-pequenas.jpg
Ownat PRIME Grain Free junior chicken &amp; Turkey pienso cachorros pollo y pavo sin cereales- 3 Kg.,20.96 €,https://www.petsonic.com/17645-large_default/pienso-para-perros-maxima-grain-free-junior-cachorro-todas-razas.jpg
Ownat PRIME Grain Free junior chicken &amp; Turkey pienso cachorros pollo y pavo sin cereales- 14 Kg,65.95 €,https://www.petsonic.com/17645-large_default/pienso-para-perros-maxima-grain-free-junior-cachorro-todas-razas.jpg
Ownat JUST Grain Free Adult Trout Pienso Perros Adultos De Trucha Sin Cereales- 14 Kg,49.95 €,https://www.petsonic.com/21718-large_default/ownat-just-grain-free-adult-trout-pienso-perros-adultos-de-trucha-sin-cereales.jpg
Ownat JUST Grain Free Adult Duck Pienso Perros Adultos De Pato Sin Cereales- 14 Kg,48.95 €,https://www.petsonic.com/21717-large_default/ownat-just-grain-free-adult-duck-pienso-perros-adultos-de-pato-sin-cereales.jpg
Ownat JUST Grain Free Adult Chicken pienso perros adultos Pollo sin cereales- 3 Kg.,12.95 €,https://www.petsonic.com/18283-large_default/pienso-para-perros-cotecan-optima-grain-free-adulto-pollo.jpg
Ownat JUST Grain Free Adult Chicken pienso perros adultos Pollo sin cereales- 14 Kg,44.95 €,https://www.petsonic.com/18283-large_default/pienso-para-perros-cotecan-optima-grain-free-adulto-pollo.jpg
Ownat JUST Grain Free Salmon &amp; Seafood pienso perros adultos Salmon y Marisco sin cereales- 3 Kg.,13.50 €,https://www.petsonic.com/17714-large_default/pienso-para-perros-cotecan-optima-grain-free-adulto-pescado.jpg
Ownat JUST Grain Free Salmon &amp; Seafood pienso perros adultos Salmon y Marisco sin cereales- 14 Kg,49.95 €,https://www.petsonic.com/17714-large_default/pienso-para-perros-cotecan-optima-grain-free-adulto-pescado.jpg
Ownat JUST Grain Free Adult Lamb pienso perros adultos Cordero sin cereales- 3 Kg.,12.95 €,https://www.petsonic.com/17716-large_default/pienso-para-perros-cotecan-optima-grain-free-adulto-cordero.jpg
Ownat JUST Grain Free Adult Lamb pienso perros adultos Cordero sin cereales- 14 Kg,47.95 €,https://www.petsonic.com/17716-large_default/pienso-para-perros-cotecan-optima-grain-free-adulto-cordero.jpg
Ownat CLASSIC Duck Pienso Perro Adulto De Pato- 15 Kg,36.95 €,https://www.petsonic.com/21757-large_default/ownat-classic-duck-pienso-perro-adulto-de-pato.jpg
Ownat CLASSIC Energy pienso perro activo. Pollo fresco y arroz integral- 20 Kg,42.96 €,https://www.petsonic.com/16919-large_default/pienso-para-perros-ownat-classic-classic-energy.jpg
Ownat CLASSIC Light pienso perro adulto con sobrepeso. Bajo en calorias- 4 Kg.,8.95 €,https://www.petsonic.com/16918-large_default/pienso-para-perros-ownat-classic-classic-light.jpg
Ownat CLASSIC Light pienso perro adulto con sobrepeso. Bajo en calorias- 20 Kg,36.95 €,https://www.petsonic.com/16918-large_default/pienso-para-perros-ownat-classic-classic-light.jpg
Ownat CLASSIC Lamb &amp; Rice pienso perro adulto. Cordero fresco y arroz- 4 Kg.,9.96 €,https://www.petsonic.com/16917-large_default/pienso-para-perros-ownat-classic-classic-lamb-rice.jpg
Ownat CLASSIC Lamb &amp; Rice pienso perro adulto. Cordero fresco y arroz- 15 Kg,32.51 €,https://www.petsonic.com/16917-large_default/pienso-para-perros-ownat-classic-classic-lamb-rice.jpg
Ownat CLASSIC Lamb &amp; Rice pienso perro adulto. Cordero fresco y arroz- 20 Kg,40.95 €,https://www.petsonic.com/16917-large_default/pienso-para-perros-ownat-classic-classic-lamb-rice.jpg
Ownat CLASSIC Fish pienso perro adulto. Pescado fresco y arroz integral- 4 Kg.,10.51 €,https://www.petsonic.com/16916-large_default/pienso-para-perros-ownat-classic-classic-fish.jpg
Ownat CLASSIC Fish pienso perro adulto. Pescado fresco y arroz integral- 20 Kg,41.95 €,https://www.petsonic.com/16916-large_default/pienso-para-perros-ownat-classic-classic-fish.jpg
Ownat CLASSIC Complet pienso perro adulto. Pollo fresco y arroz integral- 4 Kg.,8.95 €,https://www.petsonic.com/16913-large_default/pienso-para-perros-ownat-classic-classic-complet.jpg
Ownat CLASSIC Complet pienso perro adulto. Pollo fresco y arroz integral- 15 Kg,28.95 €,https://www.petsonic.com/16913-large_default/pienso-para-perros-ownat-classic-classic-complet.jpg
Ownat CLASSIC Complet pienso perro adulto. Pollo fresco y arroz integral- 20 Kg,35.95 €,https://www.petsonic.com/16913-large_default/pienso-para-perros-ownat-classic-classic-complet.jpg
Ownat CLASSIC Mini Adult pienso perro de raza pequeña. Pollo fresco y arroz integral- 1.5 Kg.,4.95 €,https://www.petsonic.com/16912-large_default/pienso-para-perros-ownat-classic-classic-mini-adult.jpg
Ownat CLASSIC Mini Adult pienso perro de raza pequeña. Pollo fresco y arroz integral- 4 Kg.,9.96 €,https://www.petsonic.com/16912-large_default/pienso-para-perros-ownat-classic-classic-mini-adult.jpg
Ownat CLASSIC Junior pienso cachorro. Pollo fresco y arroz integral- 4 Kg.,10.95 €,https://www.petsonic.com/16911-large_default/pienso-para-perros-ownat-classic-classic-junior.jpg
Ownat CLASSIC Junior pienso cachorro. Pollo fresco y arroz integral- 15 Kg,38.95 €,https://www.petsonic.com/16911-large_default/pienso-para-perros-ownat-classic-classic-junior.jpg
Ownat ULTRA Medium Sterilised pienso perro de razas medianas esterilizados- 14 Kg,61.95 €,https://www.petsonic.com/26093-large_default/pienso-para-perros-ownat-ultra-medium-sterilised.jpg
Ownat ULTRA Maxi Adult pienso para perros de razas grandes- 14 Kg,52.50 €,https://www.petsonic.com/18593-large_default/pienso-para-perros-ownat-ultra-maxi-adult.jpg
Ownat ULTRA Maxi Junior pienso para cachorros de razas grandes- 3 Kg.,18.50 €,https://www.petsonic.com/18591-large_default/pienso-para-perros-ownat-ultra-maxi-junior.jpg
Ownat ULTRA Maxi Junior pienso para cachorros de razas grandes- 14 Kg,61.95 €,https://www.petsonic.com/18591-large_default/pienso-para-perros-ownat-ultra-maxi-junior.jpg
Ownat ULTRA Medium Light pienso perro de razas medianas Bajo en calorias- 3 Kg.,18.50 €,https://www.petsonic.com/26089-large_default/pienso-para-perros-ownat-ultra-medium-light.jpg
Ownat ULTRA Medium Light pienso perro de razas medianas Bajo en calorias- 14 Kg,61.95 €,https://www.petsonic.com/26089-large_default/pienso-para-perros-ownat-ultra-medium-light.jpg
Ownat ULTRA Medium Lamb &amp; Rice pienso perro de razas medianas Cordero y Arroz- 3 Kg.,17.95 €,https://www.petsonic.com/18587-large_default/pienso-para-perros-ownat-ultra-medium-lamb-and--rice.jpg
Ownat ULTRA Medium Lamb &amp; Rice pienso perro de razas medianas Cordero y Arroz- 14 Kg,60.95 €,https://www.petsonic.com/18587-large_default/pienso-para-perros-ownat-ultra-medium-lamb-and--rice.jpg
14kg+3kg Ownat ULTRA Medium Adult pienso para perros de razas medianas- 3 Kg.,16.95 €,https://www.petsonic.com/18585-large_default/pienso-para-perros-ownat-ultra-medium-adult.jpg
14kg+3kg Ownat ULTRA Medium Adult pienso para perros de razas medianas- 14 Kg,51.95 €,https://www.petsonic.com/18585-large_default/pienso-para-perros-ownat-ultra-medium-adult.jpg
14kg+3kg Ownat ULTRA Medium Adult pienso para perros de razas medianas- 14 + 3 Kg ¡Gratis!,51.95 €,https://www.petsonic.com/18585-large_default/pienso-para-perros-ownat-ultra-medium-adult.jpg
Ownat PRIME Grain Free mini lamb pienso perros pequeños cordero y arros- 1 Kg.,7.95 €,https://www.petsonic.com/20508-large_default/pienso-para-perros-ownat-grain-free-prime-mini-cordero-para-perro.jpg
Ownat PRIME Grain Free mini lamb pienso perros pequeños cordero y arros- 3 Kg.,20.96 €,https://www.petsonic.com/20508-large_default/pienso-para-perros-ownat-grain-free-prime-mini-cordero-para-perro.jpg
Ownat PRIME Grain Free junior lamb pienso cachorros cordero y arroz- 3 Kg.,21.51 €,https://www.petsonic.com/19983-large_default/pienso-para-perros-ownat-grain-free-prime-prime-junior-cordero-grain-free.jpg
Ownat PRIME Grain Free junior lamb pienso cachorros cordero y arroz- 14 Kg,70.95 €,https://www.petsonic.com/19983-large_default/pienso-para-perros-ownat-grain-free-prime-prime-junior-cordero-grain-free.jpg
Ownat PRIME Grain Free senior chicken &amp; Turkey pienso perros mayores pollo y pavo sin cereales- 3 Kg.,20.96 €,https://www.petsonic.com/16987-large_default/pienso-para-perros-maxima-grain-free-senior-todas-razas.jpg
Ownat PRIME Grain Free senior chicken &amp; Turkey pienso perros mayores pollo y pavo sin cereales- 14 Kg,65.95 €,https://www.petsonic.com/16987-large_default/pienso-para-perros-maxima-grain-free-senior-todas-razas.jpg
Ownat PRIME Grain Free adult chicken &amp; Turkey pienso perros pollo y pavo sin cereales- 3 Kg.,19.95 €,https://www.petsonic.com/17706-large_default/pienso-para-perros-maxima-grain-free-adulto.jpg
Ownat PRIME Grain Free adult chicken &amp; Turkey pienso perros pollo y pavo sin cereales- 14 Kg,64.50 €,https://www.petsonic.com/17706-large_default/pienso-para-perros-maxima-grain-free-adulto.jpg
Ownat PRIME Grain Free mini chicken &amp; Turkey pienso perros pequeños pollo y pavo sin cereales- 1 Kg.,7.50 €,https://www.petsonic.com/17728-large_default/pienso-para-perros-maxima-grain-free-adulto-razas-pequenas.jpg
Ownat PRIME Grain Free mini chicken &amp; Turkey pienso perros pequeños pollo y pavo sin cereales- 3 Kg.,19.95 €,https://www.petsonic.com/17728-large_default/pienso-para-perros-maxima-grain-free-adulto-razas-pequenas.jpg
Ownat PRIME Grain Free junior chicken &amp; Turkey pienso cachorros pollo y pavo sin cereales- 3 Kg.,20.96 €,https://www.petsonic.com/17645-large_default/pienso-para-perros-maxima-grain-free-junior-cachorro-todas-razas.jpg
Ownat PRIME Grain Free junior chicken &amp; Turkey pienso cachorros pollo y pavo sin cereales- 14 Kg,65.95 €,https://www.petsonic.com/17645-large_default/pienso-para-perros-maxima-grain-free-junior-cachorro-todas-razas.jpg
Ownat JUST Grain Free Adult Trout Pienso Perros Adultos De Trucha Sin Cereales- 14 Kg,49.95 €,https://www.petsonic.com/21718-large_default/ownat-just-grain-free-adult-trout-pienso-perros-adultos-de-trucha-sin-cereales.jpg
